Barcode	Reference	Length	A	C	G	T	N	Percentage_N	Mean_Amplicon_Depth	PASS_Variants
barcode62	MN307142	35960	4039	5384	5243	3842	17452	48.53	83.1214	2
barcode62	KX384945	36156	0	0	0	0	36156	100.00	0	0
barcode65	MN307142	35960	7024	8896	8794	6563	4683	13.02	129.963	0
barcode65	KX384945	36156	0	0	0	0	36156	100.00	0	0
barcode66	MN307142	35960	6040	7483	7598	5549	9290	25.83	84.9582	2
barcode66	KX384945	36156	0	0	0	0	36156	100.00	0	0
barcode67	MN307142	35960	6436	8023	8018	5917	7566	21.04	91.9589	2
barcode67	KX384945	36156	0	0	0	0	36156	100.00	0	0
barcode68	MN307142	35960	6242	7896	7876	5810	8136	22.63	105.462	6
barcode68	KX384945	36156	0	0	0	0	36156	100.00	0	0
barcode69	MN307142	35960	7277	9173	9124	6820	3566	9.92	138.154	3
barcode69	KX384945	36156	0	0	0	0	36156	100.00	0	0
barcode70	MN307142	35960	5689	7157	7280	5203	10631	29.56	77.0362	1
barcode70	KX384945	36156	0	0	0	0	36156	100.00	0	0
barcode71	MN307142	35960	6795	8526	8497	6314	5828	16.21	116.462	2
barcode71	KX384945	36156	0	0	0	0	36156	100.00	0	0
barcode72	MN307142	35960	6492	8130	8199	6033	7106	19.76	107.421	1
barcode72	KX384945	36156	0	0	0	0	36156	100.00	0	0
barcode77	MN307142	35960	6043	7514	7639	5554	9210	25.61	74.146	2
barcode77	KX384945	36156	0	0	0	0	36156	100.00	0	0
