Barcode	Pipeline	Reference	Length	A	C	G	T	N	Percentage_N
barcode62	ViroConstrictor	MN307142	35960	4620	5852	5731	4304	15453	42.97
barcode65	ViroConstrictor	MN307142	35960	8099	10175	10036	7540	110	0.31
barcode66	ViroConstrictor	MN307142	35960	8099	10175	10036	7540	110	0.31
barcode67	ViroConstrictor	MN307142	35960	8100	10175	10035	7540	110	0.31
barcode68	ViroConstrictor	MN307142	35960	8102	10175	10033	7540	110	0.31
barcode69	ViroConstrictor	MN307142	35960	8101	10175	10034	7540	110	0.31
barcode70	ViroConstrictor	MN307142	35960	8099	10175	10036	7540	110	0.31
barcode71	ViroConstrictor	MN307142	35960	8099	10175	10036	7540	110	0.31
barcode72	ViroConstrictor	MN307142	35960	8099	10175	10036	7540	110	0.31
barcode77	ViroConstrictor	MN307142	35960	8099	10175	10036	7540	110	0.31
